青木,あおき
青野木,あおのき
青野木下,あおのきした
青野木中,あおのきなか
青野木馬場前,あおのきばばまえ
青葉苑団地前,あおばえんだんちまえ
青葉台,あおばだい
青葉台下,あおばだいした
青葉通一番町,あおばどおりいちばんちょう
青葉病院・幸町市民センター入口,あおばびょういんさいわいちょうしみんせんたーいりぐち
青葉山植物園ゲート前,あおばやましょくぶつえんげーとまえ
青山一丁目,あおやまいっちょうめ
青山二丁目,あおやまにちょうめ
赤坂,あかさか
赤坂一丁目,あかさかいっちょうめ
赤坂一丁目東,あかさかいっちょうめひがし
赤坂三丁目,あかさかさんちょうめ
赤坂下,あかさかした
赤坂二丁目,あかさかにちょうめ
赤沼,あかぬま
揚戸,あがと
秋保大滝,あきうおおたき
秋保神社前,あきうじんじゃまえ
秋保中学校前,あきうちゅうがっこうまえ
秋保文化の里センター,あきうぶんかのさとせんたー
秋保郵便局前,あきうゆうびんきょくまえ
旭ケ丘一丁目北,あさひがおかいっちょうめきた
旭ケ丘一丁目西,あさひがおかいっちょうめにし
旭ケ丘一丁目東,あさひがおかいっちょうめひがし
地下鉄旭ケ丘駅,ちかてつあさひがおかえき
旭ケ丘三丁目,あさひがおかさんちょうめ
旭丘堤二丁目,あさひがおかつつみにちょうめ
旭ケ丘二丁目,あさひがおかにちょうめ
旭ケ丘四丁目,あさひがおかよんちょうめ
旭ケ丘四丁目北,あさひがおかよんちょうめきた
芦沢,あしざわ
あすと長町三丁目,あすとながまちさんちょうめ
あすと長町二丁目南,あすとながまちにちょうめみなみ
愛宕大橋,あたごおおはし
愛宕神社前,あたごじんじゃまえ
愛宕中学校前,あたごちゅうがっこうまえ
余目,あまるめ
愛子駅,あやしえき
愛子駅前,あやしえきまえ
愛子中央六丁目,あやしちゅうおうろくちょうめ
愛子東一丁目,あやしひがしいっちょうめ
愛子東二丁目,あやしひがしにちょうめ
愛子幼稚園前,あやしようちえんまえ
荒井,あらい
荒巻青葉,あらまきあおば
荒巻小学校前,あらまきしょうがっこうまえ
荒町,あらまち
案内公園前,あんないこうえんまえ
安養寺三丁目,あんようじさんちょうめ
安養寺二丁目,あんようじにちょうめ
安養寺二丁目中,あんようじにちょうめなか
安養寺配水所前,あんようじはいすいじょまえ
育英学園前,いくえいがくえんまえ
石垣町,いしがきまち
石場,いしば
泉川崎,いずみかわさき
泉区役所・イズミティ２１前,いずみくやくしょいずみてぃにじゅういちまえ
泉警察署前,いずみけいさつしょまえ
泉崎一丁目北,いずみざきいっちょうめきた
泉松陵高校入口,いずみしょうりょうこうこういりぐち
泉総合運動場・社会福祉センター前,いずみそうごううんどうじょうしゃかいふくしせんたーまえ
泉館山高校入口,いずみたてやまこうこういりぐち
泉館山高校前,いずみたてやまこうこうまえ
泉岳自然ふれあい館,いずみだけしぜんふれあいかん
地下鉄泉中央駅,ちかてついずみちゅうおうえき
泉中央駅北口,いずみちゅうおうえききたぐち
泉西原,いずみにしはら
泉パークタウン入口,いずみぱーくたうんいりぐち
泉ビレジ一丁目,いずみびれじいっちょうめ
泉ビレジ一丁目西,いずみびれじいっちょうめにし
泉ビレジ一丁目南,いずみびれじいっちょうめみなみ
泉ビレジ五丁目,いずみびれじごちょうめ
泉ビレジ三丁目,いずみびれじさんちょうめ
泉ビレジ二丁目,いずみびれじにちょうめ
泉ビレジ四丁目,いずみびれじよんちょうめ
いずみ墓園管理事務所前,いずみぼえんかんりじむしょまえ
一番町中郵便局前,いちばんちょうなかゆうびんきょくまえ
銀杏町,いちょうまち
五橋(東側),いつつばし
五橋(西側),いつつばし
五橋三丁目,いつつばしさんちょうめ
一本杉町,いっぽんすぎまち
一本杉町東,いっぽんすぎまちひがし
一本松,いっぽんまつ
出花団地入口,いでかだんちいりぐち
井土浜,いどはま
今泉,いまいずみ
今泉温水プール前,いまいずみおんすいぷーるまえ
今泉神社前,いまいずみじんじゃまえ
今泉中村,いまいずみなかむら
今市上区,いまいちかみく
今市中区,いまいちなかく
今市橋,いまいちばし
芋沢唄坂,いもざわうたざか
芋沢平,いもざわたいら
芋沢綱木,いもざわつなぎ
芋沢明神,いもざわみょうじん
岩切一丁目,いわきりいっちょうめ
岩切一丁目南,いわきりいっちょうめみなみ
岩切駅,いわきりえき
岩切中学校入口,いわきりちゅうがっこういりぐち
岩切東コミュニティセンター入口,いわきりひがしこみゅにてぃせんたーいりぐち
岩切分台三丁目,いわきりぶんだいさんちょうめ
岩切分台二丁目,いわきりぶんだいにちょうめ
岩谷堂入口,いわやどういりぐち
上の宿,うえのしゅく
上の原,うえのはら
牛越橋,うしごえばし
後沢,うしろざわ
後田,うしろだ
宇治沢,うじさわ
上野前,うわのまえ
ＮＴＴ八木山交換所前,えぬてぃーてぃーやぎやまこうかんじょまえ
オープン病院・教育センター前,おーぷんびょういんきょういくせんたーまえ
笈坂,おいさか
笈坂東,おいさかひがし
生出市民センター前,おいでしみんせんたーまえ
生出橋,おいでばし
扇町五丁目,おうぎまちごちょうめ
扇町三丁目,おうぎまちさんちょうめ
扇町二丁目・小鶴老人福祉センター,おうぎまちにちょうめこづるろうじんふくしせんたー
扇町四丁目,おうぎまちよんちょうめ
扇町六丁目,おうぎまちろくちょうめ
大梶,おおかじ
大國神社入口,おおくにじんじゃいりぐち
大國神社前,おおくにじんじゃまえ
大倉小学校前,おおくらしょうがっこうまえ
大倉ダム,おおくらだむ
大倉ふるさとセンター前,おおくらふるさとせんたーまえ
大崎八幡宮前,おおさきはちまんぐうまえ
大沢市民センター前,おおさわしみんせんたーまえ
大沢中学校前,おおさわちゅうがっこうまえ
大竹,おおたけ
大竹新田,おおたけしんでん
大竹原,おおたけはら
大竹原上,おおたけはらかみ
大竹南,おおたけみなみ
大手門入口,おおてもんいりぐち
大橋,おおはし
大原,おおはら
大針,おおはり
大東,おおひがし
大町西公園前,おおまちにしこうえんまえ
岡田,おかだ
市営バス岡田車庫入口,しえいばすおかだしゃこいりぐち
市営バス岡田車庫前,しえいばすおかだしゃこまえ
岡田郵便局前,おかだゆうびんきょくまえ
小角,おがく
沖野,おきの
沖野一丁目,おきのいっちょうめ
沖野三丁目,おきのさんちょうめ
沖野市民センター前,おきのしみんせんたーまえ
沖野小学校前,おきのしょうがっこうまえ
沖野中学校前,おきのちゅうがっこうまえ
沖野二丁目,おきのにちょうめ
沖野東小学校前,おきのひがししょうがっこうまえ
沖野四丁目,おきのよんちょうめ
沖野四丁目南,おきのよんちょうめみなみ
霊屋橋・瑞鳳殿入口,おたまやばしずいほうでんいりぐち
小田原一丁目,おだわらいっちょうめ
小田原二丁目,おだわらにちょうめ
落合,おちあい
落合駅入口,おちあいえきいりぐち
落合駅前,おちあいえきまえ
落合橋,おちあいばし
小原,おばら
小原上,おばらうえ
折立,おりたて
折立小学校前,おりたてしょうがっこうまえ
折立団地児童公園前,おりたてだんちじどうこうえんまえ
折立団地中央通,おりたてだんちちゅうおうどおり
折葉,おりは
卸町一丁目,おろしまちいっちょうめ
卸町入口(東側),おろしまちいりぐち
卸町入口(西側),おろしまちいりぐち
卸町会館前,おろしまちかいかんまえ
卸町三丁目・能ＢＯＸ前,おろしまちさんちょうめのうぼっくすまえ
卸町１０−ＢＯＸ前,おろしまちてんぼっくすまえ
卸町二丁目,おろしまちにちょうめ
卸町東一丁目,おろしまちひがしいっちょうめ
卸町東五丁目,おろしまちひがしごちょうめ
卸町東五丁目北,おろしまちひがしごちょうめきた
卸町東三丁目,おろしまちひがしさんちょうめ
卸町東二丁目,おろしまちひがしにちょうめ
卸町四丁目北,おろしまちよんちょうめきた
貝ケ森一丁目,かいがもりいっちょうめ
貝ケ森五丁目,かいがもりごちょうめ
貝ケ森三丁目,かいがもりさんちょうめ
貝ケ森四丁目,かいがもりよんちょうめ
貝ケ森六丁目,かいがもりろくちょうめ
開成橋,かいせいばし
科学館前,かがくかんまえ
花京院・シルバーセンター前,かきょういんしるばーせんたーまえ
加沢,かざわ
柏木二丁目,かしわぎにちょうめ
柏坊,かしわぼう
春日町,かすがまち
霞の目,かすみのめ
市営バス霞の目営業所前,しえいばすかすみのめえいぎょうしょまえ
霞の目東,かすみのめひがし
霞目飛行場前,かすみのめひこうじょうまえ
片平一丁目検察庁前,かたひらいっちょうめけんさつちょうまえ
片平丁小学校前,かたひらちょうしょうがっこうまえ
神妻,かづま
金森橋,かなもりばし
鹿野公園前,かのこうえんまえ
鹿野本町,かのほんちょう
蒲の町,かばのまち
蒲の町歩道橋前,かばのまちほどうきょうまえ
上愛子小学校前,かみあやししょうがっこうまえ
上飯田一丁目,かみいいだいっちょうめ
上飯田三丁目,かみいいださんちょうめ
上飯田西,かみいいだにし
上飯田二丁目,かみいいだにちょうめ
上飯田二丁目東,かみいいだにちょうめひがし
上飯田・ニッペリア前,かみいいだにっぺりあまえ
上飯田前田,かみいいだまえだ
上飯田四丁目,かみいいだよんちょうめ
上岡田,かみおかだ
上新田,かみしんでん
上田子,かみたご
上辺田,かみへた
上谷刈一丁目,かみやがりいっちょうめ
上谷刈一丁目東,かみやがりいっちょうめひがし
上谷刈三丁目,かみやがりさんちょうめ
上谷刈二丁目,かみやがりにちょうめ
上谷刈山添,かみやがりやまぞえ
上屋倉,かみやぐら
神屋敷,かみやしき
上山崎,かみやまざき
加茂一丁目,かもいっちょうめ
加茂一丁目西,かもいっちょうめにし
加茂入口,かもいりぐち
賀茂皇神社前,かもこうじんじゃまえ
加茂五丁目,かもごちょうめ
加茂五丁目北,かもごちょうめきた
加茂小学校前,かもしょうがっこうまえ
加茂二丁目南,かもにちょうめみなみ
加茂四丁目,かもよんちょうめ
加茂四丁目南,かもよんちょうめみなみ
萱場,かやば
加齢医学研究所入口,かれいいがくけんきゅうじょいりぐち
市営バス川内営業所前,しえいばすかわうちえいぎょうしょまえ
川内亀岡,かわうちかめおか
川内亀岡公園前,かわうちかめおかこうえんまえ
東北大川内キャンパス・萩ホール前,とうほくだいかわうちきゃんぱすはぎほーるまえ
川内三十人町,かわうちさんじゅうにんまち
東北大川内南キャンパス,とうほくだいかわうちみなみきゃんぱす
川内郵便局前,かわうちゆうびんきょくまえ
川崎入口,かわさきいりぐち
川崎上,かわさきかみ
川平北公園前,かわだいらきたこうえんまえ
川平五丁目北,かわだいらごちょうめきた
川平市営住宅東,かわだいらしえいじゅうたくひがし
川平市営住宅前,かわだいらしえいじゅうたくまえ
川平小学校入口,かわだいらしょうがっこういりぐち
川平小学校前,かわだいらしょうがっこうまえ
川平団地,かわだいらだんち
川平団地入口,かわだいらだんちいりぐち
川平四丁目,かわだいらよんちょうめ
川前小学校前,かわまえしょうがっこうまえ
川向,かわむかい
河原町(西側),かわらまち
河原町(東側),かわらまち
河原町二丁目,かわらまちにちょうめ
神ケ根温泉,かんかねおんせん
観音堂前,かんのんどうまえ
上原住宅入口,かんぱらじゅうたくいりぐち
上原住宅前,かんぱらじゅうたくまえ
ガス局前,がすきょくまえ
北仙台,きたせんだい
北仙台駅,きたせんだいえき
地下鉄北仙台駅,ちかてつきたせんだいえき
北中山一丁目,きたなかやまいっちょうめ
北中山三丁目,きたなかやまさんちょうめ
北中山二丁目,きたなかやまにちょうめ
北中山二丁目東,きたなかやまにちょうめひがし
北中山四丁目,きたなかやまよんちょうめ
北根一丁目,きたねいっちょうめ
北根黒松南,きたねくろまつみなみ
北根三丁目,きたねさんちょうめ
北根二丁目・文学館前,きたねにちょうめぶんがくかんまえ
北根四丁目西,きたねよんちょうめにし
北山一丁目,きたやまいっちょうめ
北山三丁目,きたやまさんちょうめ
北山霊園前,きたやまれいえんまえ
二日町北四番丁,ふつかまちきたよんばんちょう
北六番丁小学校前,きたろくばんちょうしょうがっこうまえ
狐塚,きつねづか
木ノ下一丁目,きのしたいっちょうめ
木ノ下四丁目,きのしたよんちょうめ
木町,きまち
木町通一丁目,きまちどおりいっちょうめ
木町通小学校前,きまちどおりしょうがっこうまえ
木町通二丁目,きまちどおりにちょうめ
給水塔前,きゅうすいとうまえ
オープン病院・教育センター前,おーぷんびょういんきょういくせんたーまえ
教会前,きょうかいまえ
共済団地入口,きょうさいだんちいりぐち
切払,きりはらい
キリンビール前,きりんびーるまえ
葛岡駅前,くずおかえきまえ
葛岡下,くずおかした
国見一丁目,くにみいっちょうめ
国見ケ丘一丁目,くにみがおかいっちょうめ
国見ケ丘一丁目北,くにみがおかいっちょうめきた
国見ケ丘五丁目,くにみがおかごちょうめ
国見ケ丘三丁目福祉大野球場前,くにみがおかさんちょうめふくしだいがくやきゅうじょうまえ
国見ケ丘西,くにみがおかにし
国見五丁目,くにみごちょうめ
国見五丁目西,くにみごちょうめにし
国見小学校前,くにみしょうがっこうまえ
国見浄水場・東北文化学園大前,くにみじょうすいじょうとうほくぶんかがくえんだいまえ
国見二丁目,くにみにちょうめ
国見東山,くにみひがしやま
国見四丁目,くにみよんちょうめ
窪(北側),くぼ
窪(南側),くぼ
久保田東,くぼたひがし
熊ケ根,くまがね
熊ケ根駅前,くまがねえきまえ
熊ケ根関,くまがねせき
熊ケ根橋,くまがねばし
熊野神社前,くまのじんじゃまえ
倉内,くらうち
栗生,くりゅう
栗生入口,くりゅういりぐち
栗生上,くりゅううえ
黒松一丁目,くろまついっちょうめ
黒松団地入口,くろまつだんちいりぐち
黒松二丁目,くろまつにちょうめ
白鳥一丁目・軽自動車検査協会前,しらとりいっちょうめけいじどうしゃけんさきょうかいまえ
恵和町,けいわまち
県庁市役所前,けんちょうしやくしょまえ
元気フィールド仙台前,げんきふぃーるどせんだいまえ
工学部中央,こうがくぶちゅうおう
工学部西,こうがくぶにし
公済病院宮城野分院前,こうさいびょういんみやぎのぶんいんまえ
厚生病院前,こうせいびょういんまえ
交通局大学病院前,こうつうきょくだいがくびょういんまえ
交通公園・三居沢水力発電所前,こうつうこうえんさんきょざわすいりょくはつでんしょまえ
高等裁判所前,こうとうさいばんしょまえ
鴻の巣温泉,こうのすおんせん
光明支援学校前,こうみょうしえんがっこうまえ
越路,こえじ
国際センター西,こくさいせんたーにし
博物館・国際センター前,はくぶつかんこくさいせんたーまえ
穀町,こくちょう
国立病院前,こくりつびょういんまえ
小坂南,こざかみなみ
小在家,こざけ
小在家橋,こざけばし
小鶴,こづる
小鶴新田駅,こづるしんでんえき
小鶴住宅入口,こづるじゅうたくいりぐち
扇町二丁目・小鶴老人福祉センター,おうぎまちにちょうめこづるろうじんふくしせんたー
宮城広瀬高校・こども病院前,みやぎひろせこうこうこどもびょういんまえ
こまくさ苑前,こまくさえんまえ
小松島三丁目,こまつしまさんちょうめ
小松島小学校前,こまつしましょうがっこうまえ
小松島新堤橋,こまつしましんつつみばし
西の平一丁目金剛沢小学校前,にしのだいらいっちょうめこんごうざわしょうがっこうまえ
郷六,ごうろく
斉野神,さいのかみ
幸町一丁目,さいわいちょういっちょうめ
幸町五丁目,さいわいちょうごちょうめ
青葉病院・幸町市民センター入口,あおばびょういんさいわいちょうしみんせんたーいりぐち
幸町小学校前,さいわいちょうしょうがっこうまえ
幸町二丁目,さいわいちょうにちょうめ
境,さかい
境野,さかいの
栄一丁目,さかえいっちょうめ
作並駅,さくなみえき
作並駅前,さくなみえきまえ
作並温泉入口,さくなみおんせんいりぐち
作並温泉仲町,さくなみおんせんなかまち
作並温泉元木,さくなみおんせんもとき
作並温泉元湯,さくなみおんせんもとゆ
作並川崎,さくなみかわさき
作並川崎入口,さくなみかわさきいりぐち
作並宿,さくなみしゅく
作並新坂,さくなみにいざか
作並新坂東,さくなみにいざかひがし
作並深沢山,さくなみふかざわやま
桜ケ丘一丁目,さくらがおかいっちょうめ
桜ケ丘県営住宅前,さくらがおかけんえいじゅうたくまえ
桜ケ丘五丁目,さくらがおかごちょうめ
桜丘小学校前,さくらがおかしょうがっこうまえ
桜ケ丘団地入口,さくらがおかだんちいりぐち
桜ケ丘七丁目,さくらがおかななちょうめ
桜ケ丘四丁目,さくらがおかよんちょうめ
桜ケ丘ロータリー,さくらがおかろーたりー
桜ケ丘六丁目,さくらがおかろくちょうめ
笹新田,ささしんでん
笹新田西,ささしんでんにし
実沢(西側),さねざわ
実沢(東側),さねざわ
市営バス実沢営業所前,しえいばすさねざわえいぎょうしょまえ
三桜高校前,さんおうこうこうまえ
産業技術総合研究所前,さんぎょうぎじゅつそうごうけんきゅうじょまえ
三条町,さんじょうまち
三百人町,さんびゃくにんまち
三百人町西,さんびゃくにんまちにし
新寺四丁目・サンプラザ入口,しんてらよんちょうめさんぷらざいりぐち
三本塚,さんぼんつか
雑子袋,ざつこふくろ
市営バス岡田車庫入口,しえいばすおかだしゃこいりぐち
市営バス岡田車庫前,しえいばすおかだしゃこまえ
市営バス霞の目営業所前,しえいばすかすみのめえいぎょうしょまえ
市営バス川内営業所前,しえいばすかわうちえいぎょうしょまえ
市営バス実沢営業所前,しえいばすさねざわえいぎょうしょまえ
市営バス白沢車庫前,しえいばすしらさわしゃこまえ
市営バス東仙台営業所前,しえいばすひがしせんだいえいぎょうしょまえ
塩野沢,しおのさわ
視覚支援学校前,しかくしえんがっこうまえ
歯学部・東北会病院前,しがくぶとうほくかいびょういんまえ
七郷市民センター前,しちごうしみんせんたーまえ
七郷小学校前,しちごうしょうがっこうまえ
七郷中学校前,しちごうちゅうがっこうまえ
子平町・壽徳寺前,しへいまちじゅとくじまえ
子平町・龍雲院前,しへいまちりゅううんいんまえ
市民会館前,しみんかいかんまえ
市民墓地Ｉ区画前,しみんぼちあいくかくまえ
市民墓地入口,しみんぼちいりぐち
市民墓地Ｘ区画前,しみんぼちえっくすくかくまえ
市民墓地Ｆ区画前,しみんぼちえふくかくまえ
市民墓地Ｋ区画前,しみんぼちけーくかくまえ
市民墓地５２区画前,しみんぼちごじゅうにくかくまえ
市民墓地３７区画前,しみんぼちさんじゅうななくかくまえ
市民墓地中央,しみんぼちちゅうおう
市民墓地Ｐ区画前,しみんぼちぴーくかくまえ
下荒沢,しもあらさわ
下飯田,しもいいだ
下飯田入口,しもいいだいりぐち
下飯田中区,しもいいだなかく
下鼬原,しもいたちばら
下倉,しもぐら
下原,しもはら
下辺田,しもへた
尚絅学院中学高校前,しょうけいがくいんちゅうがくこうこうまえ
商工会議所前,しょうこうかいぎしょまえ
照徳寺前,しょうとくじまえ
昭和北,しょうわきた
職業能力開発校前,しょくぎょうのうりょくかいはつこうまえ
食肉市場入口,しょくにくしじょういりぐち
白坂,しらさか
白沢駅前,しらさわえきまえ
白鳥一丁目・軽自動車検査協会前,しらとりいっちょうめけいじどうしゃけんさきょうかいまえ
白鳥二丁目,しらとりにちょうめ
白鳥二丁目東,しらとりにちょうめひがし
白萩町,しらはぎまち
市立病院,しりつびょういん
福祉プラザ前,ふくしぷらざまえ
四郎丸,しろうまる
四郎丸市営住宅前,しろうまるしえいじゅうたくまえ
四郎丸小学校前,しろうまるしょうがっこうまえ
四郎丸東市営住宅前,しろうまるひがししえいじゅうたくまえ
志波町,しわまち
新寺一丁目,しんてらいっちょうめ
新寺三丁目,しんてらさんちょうめ
新寺三丁目西,しんてらさんちょうめにし
新寺二丁目,しんてらにちょうめ
新寺四丁目・サンプラザ入口,しんてらよんちょうめさんぷらざいりぐち
新田一丁目,しんでんいっちょうめ
新田一丁目東,しんでんいっちょうめひがし
新田小学校入口,しんでんしょうがっこういりぐち
新田二丁目,しんでんにちょうめ
新田二丁目東,しんでんにちょうめひがし
新田東一丁目,しんでんひがしいっちょうめ
新浜,しんはま
新浜浦通,しんはまうらどおり
新浜西,しんはまにし
新宮の澤橋,しんみやのさわばし
寺院墓地中央,じいんぼちちゅうおう
ＪＲ東北福祉大前駅,じぇいあーるとうほくふくしだいまええき
ＪＲ長町駅西口,じぇいあーるながまちえきにしぐち
ＪＲ長町駅東口,じぇいあーるながまちえきひがしぐち
ＪＲ東日本前,じぇいあーるひがしにほんまえ
ＪＡ仙台秋保店入口,じぇいえーせんだいあきうてんいりぐち
ＪＡ仙台六郷支店前,じぇいえーせんだいろくごうしてんまえ
ＪＣＨＯ仙台病院前,じぇいこーせんだいびょういんまえ
ＪＣＨＯ仙台南病院入口,じぇいこーせんだいみなみびょういんいりぐち
自動車団地,じどうしゃだんち
自動車団地入口,じどうしゃだんちいりぐち
自由ケ丘,じゆうがおか
自由ケ丘中央,じゆうがおかちゅうおう
十文字,じゅうもんじ
定義,じょうぎ
定禅寺通市役所前,じょうぜんじどおりしやくしょまえ
情報科学研究科西,じょうほうかがくけんきゅうかにし
情報科学研究科前,じょうほうかがくけんきゅうかまえ
陣ケ原,じんがはら
水泉荘前,すいせんそうまえ
菅間,すがま
杉の崎公会堂前,すぎのさきこうかいどうまえ
砂押町,すなおしまち
住吉神社前,すみよしじんじゃまえ
住吉台一丁目,すみよしだいいっちょうめ
住吉台入口,すみよしだいいりぐち
住吉台中央,すみよしだいちゅうおう
住吉台西三丁目,すみよしだいにしさんちょうめ
住吉台西二丁目,すみよしだいにしにちょうめ
住吉台西四丁目,すみよしだいにしよんちょうめ
住吉台東五丁目,すみよしだいひがしごちょうめ
住吉台東三丁目,すみよしだいひがしさんちょうめ
住吉台東二丁目,すみよしだいひがしにちょうめ
住吉台東四丁目,すみよしだいひがしよんちょうめ
諏訪神社前,すわじんじゃまえ
諏訪町,すわまち
西花苑一丁目,せいかえんいっちょうめ
西花苑スポーツ公園前,せいかえんすぽーつこうえんまえ
西花苑団地入口,せいかえんだんちいりぐち
西花苑二丁目,せいかえんにちょうめ
誓渡寺前,せいとじまえ
保健環境センター・青年会館前,ほけんかんきょうせんたーせいねんかいかんまえ
青陵中等教育学校前,せいりょうちゅうとうきょういくがっこうまえ
星陵町,せいりょうちょう
宮城野三丁目・聖和学園前,みやぎのさんちょうめせいわがくえんまえ
聖和短大前,せいわたんだいまえ
堰場,せきば
仙台一高前,せんだいいちこうまえ
仙台駅北口,せんだいえききたぐち
仙台駅東口,せんだいえきひがしぐち
仙台駅前,せんだいえきまえ
仙台環境開発スポーツパーク宮城広瀬前,せんだいかんきょうかいはつすぽーつぱーくみやぎひろせまえ
仙台高校・福祉大ウェルコム２１前,せんだいこうこうふくしだいうぇるこむにじゅういちまえ
仙台高校南,せんだいこうこうみなみ
仙台高専広瀬キャンパス入口,せんだいこうせんひろせきゃんぱすいりぐち
仙台市民球場前,せんだいしみんきゅうじょうまえ
仙台城跡南,せんだいじょうあとみなみ
仙台大観音前,せんだいだいかんのんまえ
陸上自衛隊仙台駐屯地前,りくじょうじえいたいせんだいちゅうとんちまえ
仙台逓信病院前,せんだいていしんびょういんまえ
仙台ハイランド入口,せんだいはいらんどいりぐち
仙台東年金事務所前,せんだいひがしねんきんじむしょまえ
仙台フィンランド健康福祉センター前,せんだいふぃんらんどけんこうふくしせんたーまえ
仙台南年金事務所前,せんだいみなみねんきんじむしょまえ
太子堂駅前,たいしどうえきまえ
大梅寺前,たいばいじまえ
高砂大橋,たかさごおおはし
高砂市営住宅西,たかさごしえいじゅうたくにし
高砂市営住宅東,たかさごしえいじゅうたくひがし
高砂市民センター前,たかさごしみんせんたーまえ
高砂二丁目,たかさごにちょうめ
高野原三丁目,たかのはらさんちょうめ
高野原二丁目,たかのはらにちょうめ
高野原四丁目,たかのはらよんちょうめ
高橋,たかはし
高原住宅前,たかはらじゅうたくまえ
高松入口,たかまついりぐち
高松三丁目,たかまつさんちょうめ
高松二丁目,たかまつにちょうめ
滝の上,たきのかみ
滝の原,たきのはら
滝道入口,たきみちいりぐち
竹野花,たけのはな
田子公会堂前,たごこうかいどうまえ
田子三丁目,たごさんちょうめ
田子小学校入口,たごしょうがっこういりぐち
田子小学校前,たごしょうがっこうまえ
田子鳥居前,たごとりいまえ
田子西,たごにし
田子西市営住宅前,たごにししえいじゅうたくまえ
田子西中央,たごにしちゅうおう
田尻,たじり
立町小学校前,たちまちしょうがっこうまえ
種次,たなつぎ
種次入口,たなつぎいりぐち
太夫原,たゆうはら
大学病院前,だいがくびょういんまえ
第２給水塔入口,だいにきゅうすいとういりぐち
大年寺前,だいねんじまえ
台原,だいのはら
台原入口,だいのはらいりぐち
地下鉄台原駅,ちかてつだいのはらえき
大満寺前,だいまんじまえ
第四合同庁舎前,だいよんごうどうちょうしゃまえ
地下鉄旭ケ丘駅,ちかてつあさひがおかえき
地下鉄泉中央駅,ちかてついずみちゅうおうえき
地下鉄北仙台駅,ちかてつきたせんだいえき
地下鉄台原駅,ちかてつだいのはらえき
地下鉄長町駅・たいはっくる前,ちかてつながまちえきたいはっくるまえ
地下鉄長町南駅・太白区役所前,ちかてつながまちみなみえきたいはくくやくしょまえ
地下鉄広瀬通駅,ちかてつひろせどおりえき
地下鉄八乙女駅,ちかてつやおとめえき
地下鉄八乙女駅入口,ちかてつやおとめえきいりぐち
中央卸売市場,ちゅうおうおろしうりしじょう
中央卸売市場正門前,ちゅうおうおろしうりしじょうせいもんまえ
中央三丁目,ちゅうおうさんちょうめ
中央郵便局前,ちゅうおうゆうびんきょくまえ
長生園前,ちょうせいえんまえ
長泉寺前,ちょうせんじまえ
長命ケ丘一丁目,ちょうめいがおかいっちょうめ
長命ケ丘一丁目東,ちょうめいがおかいっちょうめひがし
長命ケ丘五丁目,ちょうめいがおかごちょうめ
長命ケ丘三丁目,ちょうめいがおかさんちょうめ
長命ケ丘三丁目西,ちょうめいがおかさんちょうめにし
長命ケ丘市民センター前,ちょうめいがおかしみんせんたーまえ
長命ケ丘二丁目,ちょうめいがおかにちょうめ
長命ケ丘二丁目西,ちょうめいがおかにちょうめにし
長命ケ丘四丁目,ちょうめいがおかよんちょうめ
長命ケ丘六丁目,ちょうめいがおかろくちょうめ
長命ケ丘六丁目南,ちょうめいがおかろくちょうめみなみ
鶴谷小学校前,つがやしょうがっこうまえ
築道,つきみち
榴岡四丁目,つつじがおかよんちょうめ
堤通雨宮町,つつみどおりあまみやまち
綱木,つなぎ
角五郎一丁目,つのごろういっちょうめ
角五郎二丁目,つのごろうにちょうめ
燕沢住宅前,つばめさわじゅうたくまえ
燕沢東,つばめさわひがし
露払,つゆはらい
鶴ケ谷五丁目,つるがやごちょうめ
鶴ケ谷五丁目東,つるがやごちょうめひがし
鶴ケ谷三丁目三高前,つるがやさんちょうめさんこうまえ
鶴ケ谷三丁目西,つるがやさんちょうめにし
鶴ケ谷団地入口,つるがやだんちいりぐち
鶴ケ谷中央,つるがやちゅうおう
鶴ケ谷東光台団地前,つるがやとうこうだいだんちまえ
鶴谷特別支援学校前,つるがやとくべつしえんがっこうまえ
鶴ケ谷七丁目,つるがやななちょうめ
鶴ケ谷七丁目東,つるがやななちょうめひがし
鶴ケ谷七丁目南,つるがやななちょうめみなみ
鶴ケ谷二丁目,つるがやにちょうめ
鶴ケ谷八丁目,つるがやはっちょうめ
鶴ケ谷保育所入口,つるがやほいくしょいりぐち
鶴ケ谷四丁目(西側),つるがやよんちょうめ
鶴ケ谷四丁目(東側),つるがやよんちょうめ
鶴ケ谷四丁目北,つるがやよんちょうめきた
鶴ケ谷四丁目中,つるがやよんちょうめなか
鶴ケ谷六丁目北,つるがやろくちょうめきた
鶴ケ谷六丁目西,つるがやろくちょうめにし
鶴ケ谷六丁目東,つるがやろくちょうめひがし
鶴ケ谷六丁目東小学校前,つるがやろくちょうめひがししょうがっこうまえ
鶴巻,つるまき
鶴巻小学校前,つるまきしょうがっこうまえ
鶴巻保育所前(北側),つるまきほいくしょまえ
鶴巻保育所前(南側),つるまきほいくしょまえ
ＴＢＣ本社前,てぃーびーしーほんしゃまえ
電力研究所前,でんりょくけんきゅうじょまえ
電力ビル前,でんりょくびるまえ
二軒茶屋・東華中学校前,にけんちゃやとうかちゅうがっこうまえ
東照宮一丁目,とうしょうぐういっちょうめ
東部工場団地,とうぶこうじょうだんち
歯学部・東北会病院前,しがくぶとうほくかいびょういんまえ
東北公済病院戦災復興記念館前,とうほくこうさいびょういんせんさいふっこうきねんかんまえ
東北工大長町キャンパス,とうほくこうだいながまちきゃんぱす
東北工大長町キャンパス入口,とうほくこうだいながまちきゃんぱすいりぐち
東北工大八木山キャンパス,とうほくこうだいやぎやまきゃんぱす
東北大川内キャンパス・萩ホール前,とうほくだいかわうちきゃんぱすはぎほーるまえ
東北大川内南キャンパス,とうほくだいかわうちみなみきゃんぱす
東北大学入試センター前,とうほくだいがくにゅうしせんたーまえ
東北大正門前,とうほくだいせいもんまえ
東北電力南営業所前,とうほくでんりょくみなみえいぎょうしょまえ
東北福祉大前,とうほくふくしだいまえ
ＪＲ東北福祉大前駅,じぇいあーるとうほくふくしだいまええき
国見浄水場・東北文化学園大前,くにみじょうすいじょうとうほくぶんかがくえんだいまえ
東北薬科大学病院入口,とうほくやっかだいがくびょういんいりぐち
東北薬科大・東北高校前,とうほくやっかだいとうほくこうこうまえ
遠野原,とおのはら
遠見塚,とおみづか
遠見塚三丁目,とおみづかさんちょうめ
遠見塚小学校前,とおみづかしょうがっこうまえ
遠見塚東,とおみづかひがし
通町二丁目,とおりちょうにちょうめ
常盤木学園前,ときわぎがくえんまえ
徳洲会病院前,とくしゅうかいびょういんまえ
特別支援学校前,とくべつしえんがっこうまえ
トラックターミナル・中税務署入口,とらっくたーみなるなかぜいむしょいりぐち
鳥居原,とりいはら
道祖神,どうそじん
道場,どうば
堂林,どうばやし
八木山動物公園前,やぎやまどうぶつこうえんまえ
ドミニコ学院前,どみにこがくいんまえ
中江一丁目,なかえいっちょうめ
中江公園前,なかえこうえんまえ
中江郵便局前,なかえゆうびんきょくまえ
中倉一丁目,なかくらいっちょうめ
中倉二丁目,なかくらにちょうめ
トラックターミナル・中税務署入口,とらっくたーみなるなかぜいむしょいりぐち
中田一丁目,なかだいっちょうめ
中田五丁目,なかだごちょうめ
中田三丁目,なかださんちょうめ
中田小学校前,なかだしょうがっこうまえ
中田神明東,なかだしんめいひがし
中田中央公園入口,なかだちゅうおうこうえんいりぐち
中田中央公園前,なかだちゅうおうこうえんまえ
中田中学校前,なかだちゅうがっこうまえ
中田二軒橋,なかだにけんばし
中田二丁目,なかだにちょうめ
中野,なかの
中野新町,なかのしんまち
仲の瀬橋,なかのせばし
中野高柳,なかのたかやなぎ
中野中学校前,なかのちゅうがっこうまえ
中原浄水場前,なかはらじょうすいじょうまえ
中法地公園前,なかほうぢこうえんまえ
中村,なかむら
中屋敷,なかやしき
中山入口,なかやまいりぐち
中山大橋,なかやまおおはし
中山九丁目,なかやまきゅうちょうめ
中山市民センター前,なかやましみんせんたーまえ
中山台一丁目,なかやまだいいっちょうめ
中山台入口,なかやまだいいりぐち
中山台二丁目,なかやまだいにちょうめ
中山七丁目,なかやまななちょうめ
中山二丁目,なかやまにちょうめ
中山八丁目,なかやまはっちょうめ
中山不動尊前,なかやまふどうそんまえ
中山吉成,なかやまよしなり
中山吉成一丁目,なかやまよしなりいっちょうめ
中山吉成南,なかやまよしなりみなみ
中山四丁目,なかやまよんちょうめ
中山六丁目,なかやまろくちょうめ
長袋,ながふくろ
長町一丁目,ながまちいっちょうめ
長町一丁目東,ながまちいっちょうめひがし
地下鉄長町駅・たいはっくる前,ちかてつながまちえきたいはっくるまえ
ＪＲ長町駅西口,じぇいあーるながまちえきにしぐち
ＪＲ長町駅東口,じぇいあーるながまちえきひがしぐち
長町三丁目,ながまちさんちょうめ
長町三丁目南,ながまちさんちょうめみなみ
長町七丁目,ながまちななちょうめ
長町七丁目北,ながまちななちょうめきた
長町八丁目,ながまちはっちょうめ
地下鉄長町南駅・太白区役所前,ちかてつながまちみなみえきたいはくくやくしょまえ
長町四丁目長町営業所前,ながまちよんちょうめながまちえいぎょうしょまえ
長町六丁目,ながまちろくちょうめ
長屋敷,ながやしき
長屋前,ながやまえ
梨野,なしの
七北田公園西口,ななきただこうえんにしぐち
七北田ダム入口,ななきただむいりぐち
七森,ななもり
鍋沼,なべぬま
並木,なみき
成田山,なりたさん
成田山入口,なりたさんいりぐち
南光台一丁目,なんこうだいいっちょうめ
南光台入口,なんこうだいいりぐち
南光台五丁目,なんこうだいごちょうめ
南光台五丁目東,なんこうだいごちょうめひがし
南光台三丁目,なんこうだいさんちょうめ
南光台三丁目公園前,なんこうだいさんちょうめこうえんまえ
南光台三丁目東,なんこうだいさんちょうめひがし
南光台三丁目南,なんこうだいさんちょうめみなみ
南光台集会所前,なんこうだいしゅうかいじょまえ
南光台小学校入口,なんこうだいしょうがっこういりぐち
南光台小学校前,なんこうだいしょうがっこうまえ
南光台商工会館前,なんこうだいしょうこうかいかんまえ
南光台中学校前,なんこうだいちゅうがっこうまえ
南光台七丁目,なんこうだいななちょうめ
南光台二丁目,なんこうだいにちょうめ
南光台東一丁目,なんこうだいひがしいっちょうめ
南光台東一丁目中央,なんこうだいひがしいっちょうめちゅうおう
南光台東一丁目西,なんこうだいひがしいっちょうめにし
南光台東小学校入口,なんこうだいひがししょうがっこういりぐち
南光台東二丁目,なんこうだいひがしにちょうめ
南光台保育園入口,なんこうだいほいくえんいりぐち
南光台南一丁目,なんこうだいみなみいっちょうめ
南光台南一丁目中,なんこうだいみなみいっちょうめなか
南光台南三丁目北,なんこうだいみなみさんちょうめきた
南光台南三郵便局前,なんこうだいみなみさんゆうびんきょくまえ
南光台南二丁目,なんこうだいみなみにちょうめ
南光台四丁目,なんこうだいよんちょうめ
南光台四丁目南,なんこうだいよんちょうめみなみ
南光台六丁目,なんこうだいろくちょうめ
南光台六丁目東,なんこうだいろくちょうめひがし
南光台六丁目南,なんこうだいろくちょうめみなみ
南材橋,なんざいばし
苦竹一丁目,にがたけいっちょうめ
苦竹駅前,にがたけえきまえ
二軒在家,にけんざいけ
二軒茶屋・東華中学校前,にけんちゃやとうかちゅうがっこうまえ
二高・宮城県美術館前,にこうみやぎけんびじゅつかんまえ
西泉,にしいずみ
西勝山,にしかつやま
西勝山入口,にしかつやまいりぐち
西勝山中央,にしかつやまちゅうおう
西勝山西,にしかつやまにし
錦ケ丘一丁目,にしきがおかいっちょうめ
錦ケ丘入口,にしきがおかいりぐち
錦ケ丘五丁目,にしきがおかごちょうめ
錦ケ丘七丁目,にしきがおかななちょうめ
錦ケ丘七丁目北・天文台入口,にしきがおかななちょうめきたてんもんだいいりぐち
錦ケ丘八丁目,にしきがおかはっちょうめ
錦ケ丘六丁目,にしきがおかろくちょうめ
錦町,にしきちょう
錦町公園前,にしきちょうこうえんまえ
西高校入口,にしこうこういりぐち
西国道維持出張所前,にしこくどういじしゅっちょうじょまえ
西多賀一丁目,にしたがいっちょうめ
西多賀一丁目西・三神峯公園入口,にしたがいっちょうめにしみかみねこうえんいりぐち
西多賀中学校前,にしたがちゅうがっこうまえ
西中山,にしなかやま
西中山中央,にしなかやまちゅうおう
西の平一丁目金剛沢小学校前,にしのだいらいっちょうめこんごうざわしょうがっこうまえ
西の平二丁目,にしのだいらにちょうめ
西雷神,にしらいじん
虹の丘団地入口,にじのおかだんちいりぐち
ニッカ橋,にっかばし
新川分校入口,にっかわぶんこういりぐち
日赤病院前,にっせきびょういんまえ
日辺,にっぺ
日辺沖田東,にっぺおきたひがし
日辺高田,にっぺたかだ
日辺田中,にっぺたなか
日辺徳照寺前,にっぺとくしょうじまえ
二ノ関屋敷,にのせきやしき
二の森,にのもり
二の森東,にのもりひがし
二本松,にほんまつ
東北大学入試センター前,とうほくだいがくにゅうしせんたーまえ
大和町二丁目・ＮＴＴ東北病院入口,やまとまちにちょうめえぬてぃーてぃーとうほくびょういんいりぐち
沼田,ぬまた
沼屋敷,ぬまやしき
根岸町,ねぎしまち
根白石,ねのしろいし
根白石市民センター前,ねのしろいししみんせんたーまえ
根白石下町,ねのしろいししもまち
根白石小学校前,ねのしろいししょうがっこうまえ
根白石デイサービスセンター入口,ねのしろいしでいさーびすせんたーいりぐち
農学部前,のうがくぶまえ
農業園芸センター前,のうぎょうえんげいせんたーまえ
野尻,のじり
野尻町北,のじりまちきた
野中,のなか
野村,のむら
配送センター前,はいそうせんたーまえ
萩ケ丘,はぎがおか
萩坂,はぎざか
萩野町一丁目,はぎのまちいっちょうめ
白山工業団地,はくさんこうぎょうだんち
博物館・国際センター前,はくぶつかんこくさいせんたーまえ
羽黒神社前,はぐろじんじゃまえ
橋本,はしもと
畠沢,はたけざわ
畑中,はたけなか
畑前,はたけまえ
畑前北,はたけまえきた
旗枠,はたわく
八幡一丁目,はちまんいっちょうめ
八幡五丁目,はちまんごちょうめ
八幡三丁目,はちまんさんちょうめ
八幡七丁目,はちまんななちょうめ
八幡六丁目,はちまんろくちょうめ
鼻毛橋,はなげばし
花坂下,はなさかしも
花輪,はなわ
浜堀,はまぼり
葉山町,はやままち
原町一丁目,はらのまちいっちょうめ
原ノ町駅・宮城野区役所前,はらのまちえきみやぎのくやくしょまえ
原町三丁目,はらのまちさんちょうめ
原町二丁目,はらのまちにちょうめ
判在家,はんざいけ
馬場,ばば
馬場小学校前,ばばしょうがっこうまえ
晩翠草堂前,ばんすいそうどうまえ
光ケ丘,ひかりがおか
東大野田,ひがしおおのだ
東勝山三丁目南,ひがしかつやまさんちょうめみなみ
東勝山中央,ひがしかつやまちゅうおう
東黒松団地,ひがしくろまつだんち
東黒松団地入口,ひがしくろまつだんちいりぐち
東警察署入口,ひがしけいさつしょいりぐち
東高校入口,ひがしこうこういりぐち
東七番丁・荒町市民センター前,ひがししちばんちょうあらまちしみんせんたーまえ
東四郎丸,ひがししろうまる
東仙台,ひがしせんだい
市営バス東仙台営業所前,しえいばすひがしせんだいえいぎょうしょまえ
東中田一丁目,ひがしなかだいっちょうめ
東中田五丁目,ひがしなかだごちょうめ
東中田三丁目,ひがしなかださんちょうめ
東中田市民センター前,ひがしなかだしみんせんたーまえ
東中田二丁目,ひがしなかだにちょうめ
東中田六丁目,ひがしなかだろくちょうめ
東八番丁,ひがしはちばんちょう
東墓園,ひがしぼえん
東前田,ひがしまえだ
東郵便局前,ひがしゆうびんきょくまえ
東六郷小学校前,ひがしろくごうしょうがっこうまえ
日向上,ひなたかみ
日向下,ひなたしも
日の出町一丁目,ひのでまちいっちょうめ
日の出町三丁目,ひのでまちさんちょうめ
日の出町二丁目,ひのでまちにちょうめ
平沢,ひらさわ
昼野,ひるの
広瀬,ひろせ
広瀬小学校前,ひろせしょうがっこうまえ
広瀬中学校前,ひろせちゅうがっこうまえ
広瀬通一番町,ひろせどおりいちばんちょう
地下鉄広瀬通駅,ちかてつひろせどおりえき
広瀬橋,ひろせばし
広瀬病院前,ひろせびょういんまえ
深野,ふかの
福岡,ふくおか
福岡小学校前,ふくおかしょうがっこうまえ
福沢入口,ふくざわいりぐち
福沢市民センター前,ふくざわしみんせんたーまえ
仙台高校・福祉大ウェルコム２１前,せんだいこうこうふくしだいうぇるこむにじゅういちまえ
東北福祉大前,とうほくふくしだいまえ
国見ケ丘三丁目福祉大野球場前,くにみがおかさんちょうめふくしだいがくやきゅうじょうまえ
福祉プラザ前,ふくしぷらざまえ
福田町,ふくだまち
福田町三丁目,ふくだまちさんちょうめ
福田町第二市営住宅前,ふくだまちだいにしえいじゅうたくまえ
福田町四丁目,ふくだまちよんちょうめ
福田町四丁目北,ふくだまちよんちょうめきた
福室希望園前,ふくむろきぼうえんまえ
福室三丁目,ふくむろさんちょうめ
福室小学校入口,ふくむろしょうがっこういりぐち
福室六丁目,ふくむろろくちょうめ
袋原,ふくろばら
袋原落合ポンプ場前,ふくろばらおちあいぽんぷじょうまえ
袋原三丁目,ふくろばらさんちょうめ
袋原市営住宅前,ふくろばらしえいじゅうたくまえ
袋原小学校前,ふくろばらしょうがっこうまえ
袋原台,ふくろばらだい
袋原中学校前,ふくろばらちゅうがっこうまえ
袋原南,ふくろばらみなみ
袋原四丁目,ふくろばらよんちょうめ
藤沢,ふじさわ
藤田,ふじた
藤田北裏,ふじたきたうら
藤田西,ふじたにし
附属小学校前,ふぞくしょうがっこうまえ
二木,ふたき
二木山王,ふたきさんのう
二口,ふたくち
双葉ケ丘入口,ふたばがおかいりぐち
札原,ふだはら
札屋敷,ふだやしき
二日町北四番丁,ふつかまちきたよんばんちょう
舟丁,ふなちょう
古川,ふるかわ
古城一丁目,ふるじろいっちょうめ
古城三丁目,ふるじろさんちょうめ
古城三丁目東,ふるじろさんちょうめひがし
古城二丁目,ふるじろにちょうめ
佛國寺前,ぶっこくじまえ
平成二丁目,へいせいにちょうめ
弁天前,べんてんまえ
朴沢,ほうざわ
法務省アパート前,ほうむしょうあぱーとまえ
保健環境センター・青年会館前,ほけんかんきょうせんたーせいねんかいかんまえ
保春院前丁,ほしゅんいんまえちょう
堀切,ほっきり
本沢三丁目,ほんざわさんちょうめ
本沢三丁目西,ほんざわさんちょうめにし
本沢二丁目,ほんざわにちょうめ
墓園北口,ぼえんきたぐち
墓園３区画前,ぼえんさんくかくまえ
墓園１１区画前,ぼえんじゅういちくかくまえ
墓園１３区画前,ぼえんじゅうさんくかくまえ
墓園１８区画前,ぼえんじゅうはちくかくまえ
墓園１６区画前,ぼえんじゅうろくくかくまえ
墓園正門前,ぼえんせいもんまえ
墓園２３区画前,ぼえんにじゅうさんくかくまえ
枡江小学校前,ますえしょうがっこうまえ
町頭,まちがしら
松が丘,まつがおか
松が丘入口,まつがおかいりぐち
松が丘中,まつがおかなか
松倉・盲導犬訓練センター前,まつくらもうどうけんくんれんせんたーまえ
松原,まつばら
松森中道,まつもりなかみち
松森明神,まつもりみょうじん
的場,まとば
丸山,まるやま
西多賀一丁目西・三神峯公園入口,にしたがいっちょうめにしみかみねこうえんいりぐち
水の森三丁目,みずのもりさんちょうめ
緑ケ丘一丁目,みどりがおかいっちょうめ
緑ケ丘一丁目北,みどりがおかいっちょうめきた
緑ケ丘入口,みどりがおかいりぐち
緑ケ丘三丁目,みどりがおかさんちょうめ
緑ケ丘郵便局前,みどりがおかゆうびんきょくまえ
緑ケ丘四丁目,みどりがおかよんちょうめ
港三丁目,みなとさんちょうめ
南切立,みなみきりたて
南警察署前,みなみけいさつしょまえ
南小泉三丁目,みなみこいずみさんちょうめ
南小泉三丁目中,みなみこいずみさんちょうめなか
南小泉二丁目,みなみこいずみにちょうめ
南小泉二丁目東,みなみこいずみにちょうめひがし
南小泉四丁目,みなみこいずみよんちょうめ
南小泉四丁目東,みなみこいずみよんちょうめひがし
南仙台駅東口,みなみせんだいえきひがしぐち
南高屋敷(北側),みなみたかやしき
南高屋敷(南側),みなみたかやしき
南中山一丁目,みなみなかやまいっちょうめ
南中山入口,みなみなかやまいりぐち
南中山五丁目,みなみなかやまごちょうめ
南中山三丁目,みなみなかやまさんちょうめ
南中山小学校入口,みなみなかやましょうがっこういりぐち
南中山児童センター前,みなみなかやまじどうせんたーまえ
南中山中学校前,みなみなかやまちゅうがっこうまえ
南長沼,みなみながぬま
南原田,みなみはらた
南吉成一丁目,みなみよしなりいっちょうめ
南吉成五丁目,みなみよしなりごちょうめ
南吉成三丁目,みなみよしなりさんちょうめ
南吉成小学校前,みなみよしなりしょうがっこうまえ
南吉成二丁目,みなみよしなりにちょうめ
南吉成四丁目,みなみよしなりよんちょうめ
宮教大前,みやきょうだいまえ
宮城一高前,みやぎいちこうまえ
宮城運輸支局前,みやぎうんゆしきょくまえ
宮城学院前,みやぎがくいんまえ
宮城県仙台合同庁舎前,みやぎけんせんだいごうどうちょうしゃまえ
二高・宮城県美術館前,にこうみやぎけんびじゅつかんまえ
宮城総合支所・愛子小学校前,みやぎそうごうししょあやししょうがっこうまえ
みやぎ台一丁目,みやぎだいいっちょうめ
みやぎ台入口,みやぎだいいりぐち
みやぎ台五丁目,みやぎだいごちょうめ
みやぎ台三丁目,みやぎだいさんちょうめ
みやぎ台二丁目,みやぎだいにちょうめ
みやぎ台二丁目東,みやぎだいにちょうめひがし
みやぎ台四丁目,みやぎだいよんちょうめ
宮城野区役所前,みやぎのくやくしょまえ
原ノ町駅・宮城野区役所前,はらのまちえきみやぎのくやくしょまえ
宮城野高校入口,みやぎのこうこういりぐち
宮城野三丁目・聖和学園前,みやぎのさんちょうめせいわがくえんまえ
宮城野小仙台工業高前,みやぎのしょうせんだいこうぎょうこうまえ
宮城野消防署前,みやぎのしょうぼうしょまえ
宮城野原総合運動場前,みやぎのはらそうごううんどうじょうまえ
宮城広瀬高校・こども病院前,みやぎひろせこうこうこどもびょういんまえ
宮千代一丁目,みやちよいっちょうめ
宮千代三丁目,みやちよさんちょうめ
宮町一丁目,みやまちいっちょうめ
宮町五丁目・東照宮駅入口,みやまちごちょうめとうしょうぐうえきいりぐち
宮町三丁目,みやまちさんちょうめ
宮町二丁目,みやまちにちょうめ
向田入口,むかいだいりぐち
向原,むかいはら
向山高校前,むかいやまこうこうまえ
向山二丁目,むかいやまにちょうめ
向山保育所前,むかいやまほいくじょまえ
向山四丁目,むかいやまよんちょうめ
無線中継所仏舎利塔前,むせんちゅうけいじょぶっしゃりとうまえ
明成高校前,めいせいこうこうまえ
瞑想の松,めいそうのまつ
メディアテーク前,めでぃあてーくまえ
茂ケ崎,もがさき
茂庭,もにわ
茂庭台一丁目,もにわだいいっちょうめ
茂庭台五丁目,もにわだいごちょうめ
茂庭台中央,もにわだいちゅうおう
茂庭台四丁目,もにわだいよんちょうめ
茂庭本郷,もにわほんごう
文殊堂前,もんじゅどうまえ
雷神堂,らいじんどう
磊々峡入口,らいらいきょういりぐち
理学部自然史標本館前,りがくぶしぜんしひょうほんかんまえ
陸上自衛隊仙台駐屯地前,りくじょうじえいたいせんだいちゅうとんちまえ
陸前落合駅,りくぜんおちあいえき
陸前高砂駅,りくぜんたかさごえき
瀧澤寺前,りゅうたくじまえ
龍宝寺入口,りゅうほうじいりぐち
輪王寺前,りんのうじまえ
連坊一丁目,れんぼういっちょうめ
労災病院前,ろうさいびょういんまえ
６号公園住宅前,ろくごうこうえんじゅうたくまえ
六郷交番前,ろくごうこうばんまえ
六郷小学校前,ろくごうしょうがっこうまえ
六郷中学校入口,ろくごうちゅうがっこういりぐち
六丁の目北町,ろくちょうのめきたまち
六丁の目中町,ろくちょうのめなかまち
六丁の目西町,ろくちょうのめにしまち
六丁の目東町,ろくちょうのめひがしまち
六丁の目南町,ろくちょうのめみなみまち
八乙女一丁目,やおとめいっちょうめ
地下鉄八乙女駅,ちかてつやおとめえき
地下鉄八乙女駅入口,ちかてつやおとめえきいりぐち
八乙女小学校前,やおとめしょうがっこうまえ
八乙女中央五丁目,やおとめちゅうおうごちょうめ
八乙女中央三丁目,やおとめちゅうおうさんちょうめ
八乙女二丁目,やおとめにちょうめ
八乙女四丁目,やおとめよんちょうめ
八木山入口長徳寺前,やぎやまいりぐちちょうとくじまえ
八木山市民センター前,やぎやましみんせんたーまえ
八木山小学校前,やぎやましょうがっこうまえ
八木山神社前,やぎやまじんじゃまえ
八木山中学校前,やぎやまちゅうがっこうまえ
八木山動物公園前,やぎやまどうぶつこうえんまえ
八木山橋,やぎやまばし
八木山東二丁目,やぎやまひがしにちょうめ
八木山本町一丁目,やぎやまほんちょういっちょうめ
八木山本町二丁目北,やぎやまほんちょうにちょうめきた
八木山本町二丁目西,やぎやまほんちょうにちょうめにし
八木山本町二丁目若葉町入口,やぎやまほんちょうにちょうめわかばまちいりぐち
八木山松波町,やぎやままつなみちょう
八木山緑町,やぎやまみどりちょう
八木山南五丁目,やぎやまみなみごちょうめ
八木山南三丁目,やぎやまみなみさんちょうめ
八木山南団地入口,やぎやまみなみだんちいりぐち
八木山南六丁目,やぎやまみなみろくちょうめ
薬師堂,やくしどう
矢込,やこみ
八坂神社前,やさかじんじゃまえ
八沢川,やさわがわ
野草園前,やそうえんまえ
八ツ森,やつもり
山手町,やまてまち
大和小学校入口,やまとしょうがっこういりぐち
大和小学校東,やまとしょうがっこうひがし
大和町一丁目,やまとまちいっちょうめ
大和町ＮＴＴ東北病院前,やまとまちえぬてぃーてぃーとうほくびょういんまえ
大和町二丁目・ＮＴＴ東北病院入口,やまとまちにちょうめえぬてぃーてぃーとうほくびょういんいりぐち
郵政研修センター前,ゆうせいけんしゅうせんたーまえ
郵政ビル前,ゆうせいびるまえ
湯向,ゆむかい
夢メッセみやぎ前,ゆめめっせみやぎまえ
湯元市民センター前,ゆもとしみんせんたーまえ
湯元保育所前,ゆもとほいくしょまえ
要害,ようがい
横手,よこて
横前,よこまえ
吉成一丁目,よしなりいっちょうめ
吉成一丁目北,よしなりいっちょうめきた
吉成台二丁目,よしなりだいにちょうめ
吉成中学校前,よしなりちゅうがっこうまえ
吉成二丁目,よしなりにちょうめ
芳の平,よしのだいら
四ツ谷,よつや
澱橋通,よどみばしどおり
与兵衛沼入口,よへいぬまいりぐち
与兵衛沼公園前,よへいぬまこうえんまえ
八木山本町二丁目若葉町入口,やぎやまほんちょうにちょうめわかばまちいりぐち
若林一丁目,わかばやしいっちょうめ
若林区文化センター入口,わかばやしくぶんかせんたーいりぐち
若林区役所前,わかばやしくやくしょまえ
若林三丁目,わかばやしさんちょうめ
若林小学校前,わかばやししょうがっこうまえ
若林体育館前,わかばやしたいいくかんまえ
若林七丁目,わかばやしななちょうめ
若林二丁目,わかばやしにちょうめ
涌沢,わくさわ
